"category_id","publication_id"
1,1
1,2
1,3
1,4
1,6
1,9
1,10
1,12
1,13
1,14
1,18
1,19
1,20
1,21
1,22
1,24
1,25
1,26
1,27
1,28
1,29
1,30
1,31
1,47
1,48
1,50
1,51
1,52
1,53
1,57
1,58
1,59
1,60
1,61
1,62
1,63
1,64
1,65
1,66
1,67
1,68
1,69
1,70
1,71
1,72
1,73
1,74
1,75
1,76
1,77
1,78
1,79
1,80
1,81
1,82
1,83
1,84
1,85
1,86
1,87
1,88
1,89
1,90
1,91
1,92
1,93
1,94
1,95
1,96
1,97
1,98
1,99
1,100
1,101
1,102
1,103
1,104
1,105
1,106
1,107
1,109
1,110
1,111
1,112
1,113
1,114
1,115
1,116
1,118
1,119
1,120
1,121
1,122
1,123
1,124
1,125
1,126
1,137
1,138
1,139
1,140
1,141
1,143
1,144
1,145
1,146
1,147
1,148
1,149
1,150
1,151
1,152
1,153
1,154
1,220
1,244
1,245
1,246
1,247
1,248
1,249
1,250
1,251
1,252
1,253
1,254
1,255
1,256
1,257
1,258
1,259
1,260
1,261
1,262
1,263
1,264
1,265
1,266
1,267
1,268
1,269
1,271
1,272
1,273
1,274
1,275
1,276
1,277
1,278
1,279
1,280
1,281
1,282
1,283
1,284
1,285
1,286
1,287
1,288
1,289
1,290
1,291
1,292
1,293
1,294
1,295
1,296
1,297
1,298
1,299
1,300
1,301
1,302
1,303
1,304
1,305
1,306
1,307
1,308
1,310
1,311
1,312
1,313
1,314
1,315
1,316
1,317
1,318
1,319
1,320
1,321
1,322
1,323
1,324
1,325
1,326
1,327
1,328
1,329
1,330
1,331
1,332
1,333
1,334
1,335
1,336
1,337
1,338
1,339
1,340
1,341
1,342
1,343
1,344
1,345
1,346
1,347
1,348
1,349
1,350
1,351
1,352
1,353
1,354
1,355
1,356
1,357
1,358
1,359
1,360
1,361
1,362
1,363
1,364
1,365
1,366
1,367
1,368
1,369
1,370
1,371
1,372
1,373
1,374
1,375
1,376
1,377
1,378
1,379
1,380
1,381
1,382
1,383
1,384
1,385
1,386
1,387
1,388
1,389
1,390
1,391
1,392
1,393
1,394
1,395
1,396
1,397
1,398
1,400
1,401
1,402
1,403
1,404
1,405
1,406
1,407
1,408
1,409
1,410
1,411
1,412
1,413
1,414
1,415
1,416
1,417
1,418
1,419
1,420
1,421
1,422
1,423
1,424
1,425
1,426
1,427
1,428
1,429
1,430
1,431
1,432
1,433
1,435
1,436
1,437
1,439
1,440
1,441
1,442
1,443
1,444
1,445
1,446
1,447
1,448
1,449
1,450
1,451
1,452
1,453
1,456
1,457
1,458
1,459
1,460
1,461
1,462
1,463
1,464
1,465
1,466
1,467
1,468
1,469
1,470
1,471
1,472
1,473
1,474
1,475
1,476
1,477
1,478
1,479
1,480
1,481
1,482
1,483
1,484
1,485
1,486
1,487
1,488
1,489
1,490
1,491
1,492
1,493
1,494
1,495
1,496
1,497
1,498
1,499
1,500
1,501
1,502
1,503
1,504
1,505
1,507
1,508
1,510
1,511
1,512
1,513
1,514
1,516
1,517
1,518
1,520
1,522
1,523
1,524
1,525
1,526
1,527
1,528
1,529
1,530
1,531
1,532
1,533
1,534
1,535
1,536
1,539
1,540
1,541
1,542
1,543
1,544
1,545
1,546
1,547
1,548
1,549
1,550
1,551
1,552
1,553
1,554
1,555
1,556
1,557
1,558
1,559
1,560
1,561
1,562
1,563
1,564
1,565
1,566
1,567
1,568
1,569
1,570
1,571
1,572
1,573
1,574
1,575
1,576
1,577
1,579
1,580
1,581
1,582
1,583
1,584
1,585
1,586
1,587
1,589
1,590
1,591
1,592
1,594
1,595
1,596
1,597
1,598
1,599
1,600
1,601
1,602
1,603
1,604
1,605
1,606
1,607
1,608
1,609
1,610
1,611
1,612
1,613
1,614
1,615
1,616
1,617
1,618
1,619
1,620
1,621
1,622
1,623
1,624
1,625
1,626
1,627
1,628
1,631
1,632
1,633
1,634
1,635
1,636
1,637
1,638
1,639
1,640
1,641
1,642
1,643
1,644
1,645
1,646
1,647
1,648
1,649
1,650
1,651
1,652
1,653
1,654
1,655
1,656
1,657
1,658
1,659
1,660
1,661
1,662
1,663
1,664
1,666
1,667
1,668
1,669
1,670
1,671
1,672
1,673
1,674
1,675
1,677
1,678
1,679
1,680
1,681
1,682
1,683
1,684
1,685
1,686
1,687
1,688
1,689
1,690
1,691
1,692
1,693
1,694
1,695
1,696
1,697
1,698
1,699
1,700
1,701
1,702
1,703
1,704
1,705
1,706
1,707
1,708
1,709
1,710
1,711
1,712
1,714
1,715
1,716
1,717
1,718
1,719
1,720
1,721
1,722
1,723
1,724
1,725
1,726
1,727
1,728
1,729
1,730
1,731
1,732
1,733
1,734
1,735
1,736
1,737
1,738
1,739
1,740
1,741
1,742
1,743
1,744
1,745
1,746
1,747
1,748
1,749
1,750
1,751
1,752
1,753
1,754
1,755
1,756
1,757
1,758
1,759
1,760
1,762
1,763
1,764
1,765
1,766
1,767
1,768
1,769
1,771
1,772
1,773
1,774
1,775
1,776
1,777
1,779
1,780
1,781
1,782
1,783
1,784
1,785
1,786
1,787
1,788
1,789
1,790
1,791
1,792
1,793
1,794
1,795
1,796
1,797
1,798
1,799
1,800
1,801
1,802
1,803
1,804
1,805
1,806
1,807
1,808
1,809
1,810
1,811
1,812
1,813
1,814
1,815
1,816
1,817
1,818
1,819
1,820
1,821
1,822
1,823
1,824
1,825
1,826
1,827
1,828
1,829
1,830
1,831
1,832
1,833
1,834
1,835
1,836
1,837
1,838
1,841
1,842
1,843
1,844
1,845
1,846
1,847
1,848
1,849
1,850
1,851
1,852
1,853
1,854
1,855
1,856
1,857
1,858
1,859
1,860
1,861
1,862
1,863
1,864
1,865
1,866
1,867
1,868
1,869
1,870
1,871
1,872
1,873
1,874
1,875
1,876
1,877
1,878
1,879
1,880
1,881
1,882
1,883
1,884
1,885
1,886
1,887
1,888
1,889
1,890
1,891
1,892
1,893
1,894
1,895
1,896
1,897
1,898
1,899
1,900
1,901
1,902
1,903
1,904
1,905
1,906
1,907
1,908
1,909
1,910
1,911
1,912
1,913
1,914
1,915
1,916
1,917
1,918
1,919
1,920
1,921
1,922
1,923
1,924
1,925
1,926
1,927
1,928
1,929
1,930
1,931
1,932
1,933
1,934
1,935
1,936
1,937
1,938
1,939
1,940
1,941
1,942
1,943
1,944
1,945
1,946
1,947
1,948
1,949
1,950
1,951
1,952
1,953
1,954
1,955
1,956
1,957
1,958
1,959
1,960
1,961
1,962
1,963
1,964
1,965
1,966
1,967
1,968
1,969
1,970
1,971
1,972
1,973
1,974
1,975
1,976
1,977
1,978
1,979
1,980
1,981
1,982
1,983
1,984
1,985
1,986
1,987
1,988
1,989
1,990
1,991
1,992
1,993
1,994
1,995
1,996
1,997
1,998
1,999
1,1000
1,1001
1,1002
1,1003
1,1004
1,1005
1,1006
1,1007
1,1008
1,1009
1,1010
1,1011
1,1012
1,1013
1,1014
1,1015
1,1016
1,1017
1,1018
1,1019
1,1020
1,1021
1,1022
1,1023
1,1024
1,1025
1,1026
1,1027
1,1028
1,1029
1,1030
1,1031
1,1032
1,1033
1,1034
1,1035
1,1036
1,1037
1,1038
1,1039
1,1040
1,1041
1,1042
1,1043
1,1044
1,1045
1,1046
1,1047
1,1048
1,1049
1,1050
1,1051
1,1052
1,1053
1,1054
1,1055
1,1056
1,1057
1,1058
1,1059
1,1060
1,1061
1,1062
1,1063
1,1064
1,1065
1,1066
1,1067
1,1068
1,1069
1,1070
1,1071
1,1072
1,1073
1,1074
1,1075
1,1076
1,1077
1,1078
1,1079
1,1080
1,1081
1,1082
1,1083
1,1084
1,1085
1,1086
1,1087
1,1088
1,1089
1,1090
1,1091
1,1092
1,1093
1,1094
1,1095
1,1096
1,1097
1,1098
1,1099
1,1100
1,1101
1,1102
1,1103
1,1104
1,1106
1,1107
1,1108
1,1109
1,1110
1,1111
1,1112
1,1113
1,1114
1,1115
1,1116
1,1117
1,1118
1,1119
1,1120
1,1121
1,1122
1,1123
1,1125
1,1126
1,1128
1,1129
1,1130
1,1131
1,1132
1,1133
1,1134
1,1135
1,1136
1,1137
1,1138
1,1139
1,1140
1,1141
1,1142
1,1143
1,1144
1,1145
1,1146
1,1147
1,1148
1,1149
1,1150
1,1151
1,1152
1,1153
1,1154
1,1155
1,1156
1,1157
1,1158
1,1160
1,1161
1,1162
1,1163
1,1164
1,1165
1,1167
1,1168
1,1170
1,1171
1,1172
1,1173
1,1174
1,1175
1,1176
1,1177
1,1178
1,1179
1,1180
1,1181
1,1182
1,1183
1,1184
1,1185
1,1186
1,1187
1,1188
1,1189
1,1190
1,1191
1,1192
1,1193
1,1194
1,1195
1,1196
1,1197
1,1198
1,1199
1,1200
1,1201
1,1202
1,1203
1,1204
1,1205
1,1206
1,1207
1,1208
1,1209
1,1210
1,1211
1,1212
1,1213
1,1214
1,1215
1,1216
1,1217
1,1218
1,1219
1,1220
1,1221
1,1222
1,1223
1,1224
1,1225
1,1226
1,1227
1,1228
1,1229
1,1230
1,1231
1,1232
1,1233
1,1234
1,1235
1,1236
1,1237
1,1238
1,1239
1,1240
1,1241
1,1242
1,1243
1,1244
1,1245
1,1246
1,1247
1,1248
1,1249
1,1250
1,1251
1,1252
1,1253
1,1254
1,1279
1,1280
1,1281
1,1282
1,1283
1,1284
1,1285
1,1286
1,1287
1,1288
1,1289
1,1290
1,1291
1,1292
1,1293
1,1294
1,1295
1,1296
1,1297
1,1298
1,1299
1,1300
1,1301
1,1302
1,1303
1,1304
1,1305
1,1306
1,1307
1,1308
1,1309
1,1310
1,1311
1,1312
1,1313
1,1314
1,1315
1,1316
1,1317
1,1318
1,1319
1,1320
1,1321
1,1322
1,1323
1,1324
1,1325
1,1326
1,1327
1,1328
1,1329
1,1330
1,1331
1,1332
1,1333
1,1334
1,1335
1,1336
1,1337
1,1338
1,1339
1,1340
1,1341
1,1342
1,1343
1,1344
1,1345
1,1346
1,1347
1,1348
1,1349
1,1350
1,1351
1,1352
1,1353
1,1354
1,1355
1,1356
1,1357
1,1358
1,1359
1,1360
1,1361
1,1362
1,1363
1,1364
1,1365
1,1366
1,1367
1,1368
1,1369
1,1370
1,1371
1,1372
1,1373
1,1374
1,1375
1,1376
1,1377
1,1378
1,1379
1,1380
1,1381
1,1382
1,1383
1,1384
1,1385
1,1386
1,1387
1,1388
1,1389
1,1390
1,1391
1,1392
1,1393
1,1394
1,1395
1,1396
1,1397
1,1398
1,1399
1,1400
1,1401
1,1402
1,1403
1,1404
1,1405
1,1406
1,1407
1,1408
1,1409
1,1410
1,1411
1,1412
1,1413
1,1414
1,1415
1,1416
1,1417
1,1418
1,1419
1,1420
1,1421
1,1422
1,1426
1,1427
1,1428
1,1429
1,1430
1,1431
1,1432
1,1433
1,1434
1,1435
1,1436
1,1437
1,1438
1,1439
1,1440
1,1441
1,1442
1,1443
1,1444
1,1445
1,1446
1,1447
1,1448
1,1449
1,1450
1,1452
1,1453
1,1454
1,1455
1,1456
1,1457
1,1458
1,1459
1,1460
1,1461
1,1462
1,1463
1,1464
1,1465
1,1466
1,1467
1,1468
1,1469
1,1470
1,1471
1,1472
1,1473
1,1474
1,1475
1,1476
1,1477
1,1478
1,1480
1,1481
1,1482
1,1483
1,1484
1,1485
1,1486
1,1487
1,1488
1,1489
1,1490
1,1491
1,1492
1,1493
1,1494
1,1495
1,1496
1,1497
1,1498
1,1499
1,1500
1,1501
1,1502
1,1504
1,1505
1,1506
1,1507
1,1508
1,1509
1,1510
1,1511
1,1512
1,1513
1,1514
1,1515
1,1516
1,1517
1,1518
1,1519
1,1520
1,1521
1,1522
1,1523
1,1524
1,1525
1,1526
1,1527
1,1528
1,1529
1,1530
1,1531
1,1532
1,1533
1,1534
1,1535
1,1536
1,1537
1,1538
1,1539
1,1540
1,1541
1,1542
1,1543
1,1544
1,1545
1,1546
1,1547
1,1548
1,1549
1,1550
1,1551
1,1552
1,1553
1,1554
1,1555
1,1557
1,1559
1,1561
1,1562
1,1563
1,1564
1,1565
1,1566
1,1567
1,1568
1,1569
1,1570
1,1571
1,1572
1,1573
1,1575
1,1576
1,1577
1,1578
1,1580
1,1586
1,1587
1,1588
1,1589
1,1590
1,1591
1,1592
1,1593
1,1594
1,1595
1,1596
1,1597
1,1598
1,1599
1,1600
1,1601
1,1602
1,1603
1,1605
1,1606
1,1607
1,1608
1,1609
1,1610
1,1611
1,1613
1,1615
1,1616
1,1617
1,1618
1,1619
1,1620
1,1621
1,1622
1,1623
1,1624
1,1625
1,1626
1,1627
1,1628
1,1629
1,1630
1,1631
1,1632
1,1633
1,1634
1,1637
1,1638
1,1639
1,1640
1,1641
1,1642
1,1643
1,1644
1,1645
1,1646
1,1647
1,1648
1,1649
1,1650
1,1651
1,1652
1,1653
1,1654
1,1655
1,1656
1,1657
1,1658
1,1659
1,1660
1,1661
1,1662
1,1663
1,1664
1,1665
1,1666
1,1667
1,1668
1,1669
1,1670
1,1671
1,1672
1,1673
1,1674
1,1675
1,1676
1,1677
58,3
58,19
58,52
58,64
58,78
58,84
58,97
58,98
58,99
58,100
58,101
58,102
58,103
58,104
58,105
58,106
58,112
58,118
58,269
58,281
58,296
58,299
58,300
58,314
58,333
58,338
58,379
58,392
58,407
58,417
58,459
58,462
58,465
58,523
58,542
58,555
58,570
58,579
58,580
58,586
58,587
58,589
58,599
58,603
58,604
58,609
58,611
58,618
58,656
58,667
58,668
58,673
58,686
58,695
58,715
58,720
58,723
58,736
58,759
58,760
58,762
58,763
58,767
58,776
58,777
58,779
58,785
58,803
58,811
58,829
58,835
58,836
58,838
58,841
58,850
58,860
58,871
58,877
58,879
58,902
58,917
58,924
58,925
58,944
58,947
58,950
58,955
58,962
58,971
58,977
58,990
58,991
58,996
58,1005
58,1038
58,1044
58,1053
58,1054
58,1057
58,1058
58,1086
58,1100
58,1104
58,1114
58,1120
58,1125
58,1552
60,1
60,2
60,3
60,4
60,6
60,9
60,10
60,12
60,13
60,14
60,18
60,19
60,20
60,21
60,22
60,24
60,25
60,26
60,27
60,28
60,29
60,30
60,47
60,48
60,50
60,51
60,52
60,53
60,57
60,58
60,59
60,60
60,61
60,62
60,65
60,66
60,67
60,68
60,69
60,70
60,71
60,72
60,73
60,74
60,75
60,76
60,77
60,78
60,79
60,80
60,81
60,82
60,83
60,84
60,85
60,86
60,87
60,88
60,89
60,90
60,91
60,92
60,93
60,94
60,95
60,96
60,97
60,98
60,99
60,100
60,101
60,102
60,103
60,104
60,105
60,106
60,107
60,109
60,110
60,111
60,112
60,113
60,114
60,115
60,116
60,118
60,119
60,120
60,121
60,122
60,123
60,124
60,125
60,126
60,137
60,138
60,139
60,140
60,141
60,143
60,144
60,145
60,146
60,147
60,148
60,149
60,150
60,151
60,152
60,153
60,154
60,220
60,244
60,245
60,246
60,247
60,248
60,249
60,250
60,251
60,252
60,253
60,254
60,255
60,256
60,257
60,258
60,259
60,260
60,261
60,262
60,263
60,264
60,265
60,266
60,267
60,268
60,269
60,271
60,272
60,273
60,274
60,275
60,276
60,277
60,278
60,279
60,280
60,282
60,283
60,284
60,285
60,286
60,287
60,288
60,289
60,290
60,291
60,292
60,293
60,294
60,295
60,296
60,297
60,298
60,299
60,300
60,301
60,302
60,303
60,304
60,305
60,306
60,307
60,308
60,310
60,311
60,312
60,313
60,314
60,315
60,316
60,317
60,318
60,320
60,321
60,322
60,323
60,324
60,325
60,326
60,327
60,328
60,329
60,330
60,331
60,332
60,333
60,334
60,335
60,336
60,337
60,338
60,339
60,340
60,341
60,342
60,343
60,344
60,345
60,346
60,347
60,348
60,349
60,350
60,351
60,352
60,353
60,354
60,355
60,356
60,357
60,358
60,359
60,360
60,361
60,363
60,364
60,365
60,366
60,367
60,368
60,369
60,370
60,371
60,372
60,373
60,374
60,375
60,376
60,377
60,378
60,380
60,381
60,382
60,383
60,384
60,385
60,386
60,387
60,388
60,389
60,390
60,391
60,392
60,393
60,394
60,395
60,396
60,397
60,398
60,400
60,401
60,402
60,403
60,404
60,405
60,406
60,407
60,408
60,409
60,410
60,411
60,412
60,413
60,414
60,415
60,416
60,418
60,419
60,420
60,421
60,422
60,423
60,424
60,425
60,426
60,427
60,428
60,429
60,430
60,431
60,432
60,433
60,435
60,436
60,437
60,439
60,440
60,441
60,442
60,443
60,444
60,445
60,446
60,447
60,448
60,449
60,450
60,451
60,452
60,453
60,456
60,458
60,459
60,460
60,461
60,463
60,464
60,465
60,466
60,467
60,468
60,469
60,470
60,471
60,472
60,473
60,474
60,475
60,476
60,477
60,478
60,479
60,480
60,481
60,482
60,483
60,484
60,485
60,486
60,487
60,488
60,489
60,490
60,491
60,492
60,493
60,494
60,495
60,496
60,497
60,498
60,499
60,500
60,501
60,502
60,503
60,504
60,505
60,507
60,508
60,510
60,511
60,512
60,513
60,514
60,516
60,517
60,518
60,522
60,523
60,524
60,525
60,526
60,527
60,528
60,529
60,530
60,531
60,532
60,534
60,535
60,536
60,539
60,540
60,541
60,543
60,544
60,545
60,546
60,547
60,548
60,549
60,550
60,551
60,552
60,553
60,554
60,555
60,556
60,557
60,558
60,559
60,560
60,561
60,562
60,563
60,564
60,565
60,566
60,567
60,568
60,569
60,570
60,571
60,572
60,573
60,574
60,575
60,576
60,577
60,579
60,580
60,581
60,582
60,583
60,584
60,585
60,586
60,587
60,589
60,590
60,591
60,592
60,594
60,595
60,596
60,597
60,598
60,600
60,601
60,602
60,604
60,605
60,606
60,607
60,608
60,609
60,610
60,611
60,612
60,613
60,614
60,615
60,616
60,617
60,619
60,620
60,621
60,622
60,623
60,624
60,625
60,626
60,627
60,628
60,631
60,632
60,633
60,634
60,635
60,636
60,637
60,638
60,639
60,640
60,641
60,642
60,643
60,644
60,645
60,646
60,647
60,648
60,649
60,650
60,651
60,652
60,653
60,654
60,655
60,656
60,657
60,658
60,659
60,660
60,661
60,662
60,663
60,664
60,666
60,667
60,668
60,669
60,670
60,671
60,672
60,673
60,674
60,675
60,677
60,678
60,679
60,680
60,681
60,682
60,683
60,684
60,685
60,686
60,687
60,688
60,689
60,690
60,691
60,692
60,693
60,694
60,695
60,696
60,697
60,698
60,699
60,700
60,701
60,702
60,703
60,704
60,705
60,706
60,707
60,708
60,709
60,710
60,711
60,712
60,714
60,716
60,717
60,718
60,719
60,721
60,722
60,723
60,724
60,725
60,726
60,727
60,728
60,729
60,730
60,731
60,732
60,733
60,734
60,735
60,736
60,737
60,738
60,739
60,740
60,741
60,742
60,743
60,744
60,745
60,746
60,747
60,748
60,749
60,750
60,751
60,752
60,753
60,754
60,755
60,756
60,757
60,758
60,763
60,764
60,765
60,766
60,767
60,768
60,769
60,771
60,772
60,773
60,774
60,775
60,776
60,777
60,779
60,780
60,781
60,782
60,783
60,784
60,785
60,786
60,787
60,788
60,789
60,790
60,791
60,792
60,793
60,794
60,795
60,796
60,797
60,798
60,799
60,800
60,801
60,802
60,803
60,804
60,805
60,806
60,807
60,808
60,809
60,810
60,811
60,812
60,813
60,814
60,815
60,816
60,817
60,818
60,819
60,820
60,821
60,822
60,823
60,824
60,825
60,826
60,827
60,828
60,830
60,831
60,832
60,833
60,834
60,836
60,837
60,842
60,843
60,844
60,845
60,846
60,847
60,848
60,849
60,851
60,852
60,853
60,854
60,855
60,856
60,857
60,858
60,859
60,861
60,862
60,863
60,864
60,865
60,866
60,867
60,868
60,869
60,870
60,872
60,873
60,874
60,875
60,876
60,878
60,879
60,880
60,881
60,882
60,883
60,884
60,885
60,886
60,887
60,888
60,889
60,890
60,891
60,892
60,893
60,894
60,895
60,896
60,897
60,898
60,899
60,900
60,901
60,903
60,904
60,905
60,906
60,907
60,908
60,909
60,910
60,911
60,912
60,913
60,914
60,915
60,916
60,917
60,918
60,919
60,920
60,921
60,922
60,923
60,924
60,926
60,927
60,928
60,929
60,930
60,931
60,932
60,933
60,934
60,935
60,936
60,937
60,938
60,939
60,940
60,941
60,942
60,943
60,944
60,945
60,946
60,947
60,948
60,949
60,950
60,951
60,952
60,953
60,954
60,955
60,956
60,957
60,958
60,959
60,960
60,961
60,962
60,963
60,964
60,965
60,966
60,967
60,968
60,969
60,970
60,972
60,973
60,974
60,975
60,976
60,977
60,978
60,979
60,980
60,981
60,982
60,983
60,984
60,985
60,986
60,987
60,988
60,989
60,990
60,991
60,992
60,993
60,994
60,995
60,997
60,998
60,999
60,1000
60,1001
60,1002
60,1003
60,1004
60,1006
60,1007
60,1008
60,1009
60,1010
60,1011
60,1012
60,1013
60,1014
60,1015
60,1016
60,1017
60,1018
60,1019
60,1020
60,1021
60,1022
60,1023
60,1024
60,1025
60,1026
60,1027
60,1028
60,1029
60,1030
60,1031
60,1032
60,1033
60,1034
60,1035
60,1036
60,1037
60,1038
60,1039
60,1040
60,1041
60,1042
60,1043
60,1044
60,1045
60,1046
60,1047
60,1048
60,1049
60,1050
60,1051
60,1052
60,1053
60,1054
60,1055
60,1056
60,1057
60,1058
60,1059
60,1060
60,1061
60,1062
60,1063
60,1064
60,1065
60,1066
60,1067
60,1068
60,1069
60,1070
60,1071
60,1072
60,1073
60,1074
60,1075
60,1076
60,1077
60,1078
60,1079
60,1080
60,1081
60,1082
60,1083
60,1084
60,1085
60,1086
60,1087
60,1088
60,1089
60,1090
60,1091
60,1092
60,1093
60,1094
60,1095
60,1096
60,1097
60,1098
60,1099
60,1100
60,1101
60,1102
60,1103
60,1104
60,1106
60,1107
60,1108
60,1109
60,1110
60,1111
60,1112
60,1113
60,1114
60,1115
60,1116
60,1117
60,1118
60,1119
60,1120
60,1121
60,1122
60,1123
60,1126
61,1
61,2
61,4
61,6
61,9
61,10
61,12
61,13
61,14
61,18
61,19
61,20
61,21
61,22
61,24
61,25
61,26
61,27
61,28
61,29
61,30
61,47
61,48
61,50
61,51
61,53
61,57
61,58
61,59
61,60
61,61
61,62
61,64
61,65
61,66
61,67
61,68
61,69
61,70
61,71
61,72
61,73
61,74
61,75
61,76
61,77
61,78
61,79
61,80
61,81
61,82
61,83
61,85
61,86
61,87
61,88
61,89
61,90
61,91
61,92
61,93
61,94
61,95
61,96
61,97
61,98
61,99
61,100
61,101
61,102
61,103
61,104
61,105
61,106
61,107
61,109
61,110
61,111
61,113
61,114
61,115
61,116
61,118
61,119
61,120
61,121
61,122
61,123
61,124
61,125
61,126
61,137
61,138
61,139
61,140
61,141
61,143
61,144
61,145
61,146
61,147
61,148
61,149
61,150
61,151
61,152
61,153
61,154
61,220
61,244
61,245
61,246
61,247
61,248
61,249
61,250
61,251
61,252
61,253
61,254
61,255
61,256
61,257
61,258
61,259
61,260
61,261
61,262
61,263
61,264
61,265
61,266
61,267
61,268
61,271
61,272
61,273
61,274
61,275
61,276
61,277
61,278
61,279
61,280
61,281
61,282
61,283
61,284
61,285
61,286
61,287
61,288
61,289
61,290
61,291
61,292
61,293
61,294
61,295
61,297
61,298
61,299
61,301
61,302
61,303
61,304
61,305
61,306
61,307
61,308
61,310
61,311
61,312
61,313
61,315
61,316
61,317
61,318
61,320
61,321
61,322
61,323
61,324
61,325
61,326
61,327
61,328
61,329
61,330
61,331
61,332
61,334
61,335
61,336
61,337
61,339
61,340
61,341
61,342
61,343
61,344
61,345
61,346
61,347
61,348
61,349
61,350
61,351
61,352
61,353
61,354
61,355
61,356
61,357
61,358
61,359
61,360
61,361
61,363
61,364
61,365
61,366
61,367
61,368
61,369
61,370
61,371
61,372
61,373
61,374
61,375
61,376
61,377
61,378
61,380
61,381
61,382
61,383
61,384
61,385
61,386
61,387
61,388
61,389
61,390
61,391
61,393
61,394
61,395
61,396
61,397
61,398
61,400
61,401
61,402
61,403
61,404
61,405
61,406
61,407
61,408
61,409
61,410
61,411
61,412
61,413
61,414
61,415
61,416
61,418
61,419
61,420
61,421
61,422
61,423
61,424
61,425
61,426
61,427
61,428
61,429
61,430
61,431
61,432
61,433
61,435
61,436
61,437
61,439
61,440
61,441
61,442
61,443
61,444
61,445
61,446
61,447
61,448
61,449
61,450
61,451
61,452
61,453
61,456
61,458
61,459
61,460
61,461
61,463
61,464
61,465
61,466
61,467
61,468
61,469
61,470
61,471
61,472
61,473
61,474
61,475
61,476
61,477
61,478
61,479
61,480
61,481
61,482
61,483
61,484
61,485
61,486
61,487
61,488
61,489
61,490
61,491
61,492
61,493
61,494
61,495
61,496
61,497
61,498
61,499
61,500
61,501
61,502
61,503
61,504
61,505
61,507
61,508
61,510
61,511
61,512
61,513
61,514
61,516
61,517
61,518
61,522
61,523
61,524
61,525
61,526
61,527
61,528
61,529
61,530
61,531
61,532
61,534
61,535
61,536
61,539
61,540
61,541
61,542
61,543
61,544
61,545
61,546
61,547
61,548
61,549
61,550
61,551
61,552
61,553
61,554
61,556
61,557
61,558
61,559
61,560
61,561
61,562
61,563
61,564
61,565
61,566
61,567
61,568
61,569
61,570
61,571
61,572
61,573
61,574
61,575
61,576
61,577
61,579
61,580
61,581
61,582
61,583
61,584
61,585
61,586
61,589
61,590
61,591
61,592
61,594
61,595
61,596
61,597
61,598
61,599
61,600
61,601
61,602
61,603
61,605
61,606
61,607
61,608
61,610
61,611
61,612
61,613
61,614
61,615
61,616
61,617
61,619
61,620
61,621
61,622
61,623
61,624
61,625
61,626
61,627
61,628
61,631
61,632
61,633
61,634
61,635
61,636
61,637
61,638
61,639
61,640
61,641
61,642
61,643
61,644
61,645
61,646
61,647
61,648
61,649
61,650
61,651
61,652
61,653
61,654
61,655
61,657
61,658
61,659
61,660
61,661
61,662
61,663
61,664
61,666
61,667
61,669
61,670
61,671
61,672
61,674
61,675
61,677
61,678
61,679
61,680
61,681
61,682
61,683
61,684
61,685
61,687
61,688
61,689
61,690
61,691
61,692
61,693
61,694
61,696
61,697
61,698
61,699
61,700
61,701
61,702
61,703
61,704
61,705
61,706
61,707
61,708
61,709
61,710
61,711
61,712
61,714
61,715
61,716
61,717
61,718
61,719
61,720
61,721
61,722
61,723
61,724
61,725
61,726
61,727
61,728
61,729
61,730
61,731
61,732
61,733
61,734
61,735
61,737
61,738
61,739
61,740
61,741
61,742
61,743
61,744
61,745
61,746
61,747
61,748
61,749
61,750
61,751
61,752
61,753
61,754
61,755
61,756
61,757
61,758
61,759
61,760
61,762
61,763
61,764
61,765
61,766
61,767
61,768
61,769
61,771
61,772
61,773
61,774
61,775
61,776
61,777
61,779
61,780
61,781
61,782
61,783
61,784
61,786
61,787
61,788
61,789
61,790
61,791
61,792
61,793
61,794
61,795
61,796
61,797
61,798
61,799
61,800
61,801
61,802
61,803
61,804
61,805
61,806
61,807
61,808
61,809
61,810
61,811
61,812
61,813
61,814
61,815
61,816
61,817
61,818
61,819
61,820
61,821
61,822
61,823
61,824
61,825
61,826
61,827
61,828
61,829
61,830
61,831
61,832
61,833
61,834
61,835
61,837
61,838
61,841
61,842
61,843
61,844
61,845
61,846
61,847
61,848
61,849
61,850
61,851
61,852
61,853
61,854
61,855
61,856
61,857
61,858
61,859
61,860
61,861
61,862
61,863
61,864
61,865
61,866
61,867
61,868
61,869
61,870
61,871
61,872
61,873
61,874
61,875
61,876
61,877
61,878
61,880
61,881
61,882
61,883
61,884
61,885
61,886
61,887
61,888
61,889
61,890
61,891
61,892
61,893
61,894
61,895
61,896
61,897
61,898
61,899
61,900
61,901
61,902
61,903
61,904
61,905
61,906
61,907
61,908
61,909
61,910
61,911
61,912
61,913
61,914
61,915
61,916
61,917
61,918
61,919
61,920
61,921
61,922
61,923
61,924
61,925
61,926
61,927
61,928
61,929
61,930
61,931
61,932
61,933
61,934
61,935
61,936
61,937
61,938
61,939
61,940
61,941
61,942
61,943
61,944
61,945
61,946
61,947
61,948
61,949
61,950
61,951
61,952
61,953
61,954
61,956
61,957
61,958
61,959
61,960
61,961
61,962
61,963
61,964
61,965
61,966
61,967
61,968
61,969
61,970
61,971
61,972
61,973
61,974
61,975
61,976
61,977
61,978
61,979
61,980
61,981
61,982
61,983
61,984
61,985
61,986
61,987
61,988
61,989
61,990
61,991
61,992
61,993
61,994
61,995
61,996
61,997
61,998
61,999
61,1000
61,1001
61,1002
61,1003
61,1004
61,1005
61,1006
61,1007
61,1008
61,1009
61,1010
61,1011
61,1012
61,1013
61,1014
61,1015
61,1016
61,1017
61,1018
61,1019
61,1020
61,1021
61,1022
61,1023
61,1024
61,1025
61,1026
61,1027
61,1028
61,1029
61,1030
61,1031
61,1032
61,1033
61,1034
61,1035
61,1036
61,1037
61,1038
61,1039
61,1040
61,1041
61,1042
61,1043
61,1044
61,1045
61,1046
61,1047
61,1048
61,1049
61,1050
61,1051
61,1052
61,1053
61,1054
61,1055
61,1056
61,1057
61,1058
61,1059
61,1060
61,1061
61,1062
61,1063
61,1064
61,1065
61,1066
61,1067
61,1068
61,1069
61,1070
61,1071
61,1072
61,1073
61,1074
61,1075
61,1076
61,1077
61,1078
61,1079
61,1080
61,1081
61,1082
61,1083
61,1084
61,1085
61,1086
61,1087
61,1088
61,1089
61,1090
61,1091
61,1092
61,1093
61,1094
61,1095
61,1096
61,1097
61,1098
61,1099
61,1100
61,1101
61,1102
61,1103
61,1104
61,1106
61,1107
61,1108
61,1109
61,1110
61,1111
61,1112
61,1113
61,1114
61,1115
61,1116
61,1117
61,1118
61,1119
61,1120
61,1121
61,1122
61,1123
61,1126
65,1493
65,1494
65,1495
65,1496
65,1497
65,1499
65,1504
65,1505
65,1511
65,1515
65,1516
65,1520
65,1524
65,1525
65,1526
65,1527
65,1528
65,1529
65,1530
65,1531
65,1532
65,1533
65,1534
65,1535
65,1536
65,1537
65,1538
65,1539
65,1540
65,1541
65,1542
65,1543
65,1544
65,1545
65,1546
65,1549
65,1550
65,1551
65,1587
66,1496
66,1504
66,1524
66,1531
66,1532
66,1533
66,1549
67,1524
67,1525
67,1526
67,1527
67,1528
67,1529
67,1530
67,1531
67,1532
67,1533
68,1495
68,1511
68,1515
68,1516
68,1524
68,1525
68,1526
68,1527
68,1528
68,1529
68,1530
68,1531
68,1532
68,1533
68,1539
70,1520
70,1549
71,1493
71,1504
71,1505
71,1534
71,1535
71,1536
71,1537
71,1538
71,1540
71,1541
71,1542
71,1543
71,1544
71,1545
71,1546
71,1550
71,1551
72,1497
72,1499
73,1511
73,1516
74,1502
74,1506
74,1507
74,1508
74,1509
74,1510
74,1512
74,1513
74,1514
74,1519
74,1520
74,1521
74,1522
74,1547
74,1548
75,1493
75,1505
76,1547
76,1548
76,1550
76,1551
78,1501
78,1504
78,1521
78,1522
78,1550
78,1551
81,97
81,98
81,99
81,100
81,101
81,102
81,103
81,104
81,105
81,106
81,407
81,417
81,579
81,763
81,776
81,777
81,779
81,811
81,829
81,924
81,944
81,950
81,991
81,1086
83,3
83,52
83,84
83,112
83,269
83,296
83,300
83,314
83,333
83,338
83,379
83,392
83,555
83,587
83,604
83,609
83,618
83,656
83,668
83,673
83,686
83,695
83,736
83,785
83,836
83,879
83,955
83,1552
84,64
84,78
84,281
84,379
84,542
84,599
84,603
84,618
84,715
84,720
84,759
84,760
84,762
84,829
84,835
84,838
84,841
84,850
84,860
84,871
84,877
84,902
84,925
84,971
84,996
84,1005
84,1552
85,299
85,462
85,465
85,767
85,1054
85,1058
87,1494
87,1540
87,1542
87,1544
87,1550
88,1504
88,1534
88,1535
88,1536
88,1537
88,1540
88,1541
88,1542
88,1543
88,1544
88,1545
88,1546
89,1541
89,1542
89,1543
89,1544
89,1545
89,1546
89,1550
89,1551
90,1493
91,1500
91,1517
91,1518
91,1519
91,1520
91,1521
91,1548
92,1501
92,1504
93,542
93,559
93,613
93,701
93,763
93,774
93,775
93,776
93,777
93,779
93,795
93,798
93,808
93,811
93,821
94,607
94,615
94,774
94,775
94,796
94,797
94,799
94,800
94,801
95,18
95,25
95,478
95,479
95,481
97,1287
99,19
99,570
99,580
99,586
99,587
99,589
99,667
99,917
99,944
99,947
99,977
99,990
99,1038
99,1044
99,1057
99,1100
99,1125
100,1501
100,1521
100,1522
100,1551
101,1493
101,1494
101,1495
101,1496
101,1497
101,1498
101,1499
101,1500
101,1502
101,1504
101,1505
101,1506
101,1507
101,1508
101,1509
101,1510
101,1511
101,1512
101,1513
101,1514
101,1515
101,1516
101,1517
101,1518
101,1519
101,1520
101,1521
101,1522
101,1524
101,1525
101,1526
101,1527
101,1528
101,1529
101,1530
101,1531
101,1532
101,1533
101,1534
101,1535
101,1536
101,1537
101,1538
101,1539
101,1540
101,1541
101,1542
101,1543
101,1544
101,1545
101,1546
101,1547
101,1548
101,1549
101,1550
101,1551
101,1587
102,97
102,98
102,99
102,100
102,101
102,102
102,103
102,104
102,105
102,106
102,407
102,417
102,579
102,763
102,776
102,777
102,779
102,811
102,829
102,924
102,944
102,950
102,991
102,1086
103,1
103,3
103,4
103,9
103,12
103,13
103,14
103,18
103,19
103,20
103,21
103,22
103,24
103,25
103,26
103,27
103,29
103,31
103,47
103,48
103,51
103,52
103,53
103,60
103,68
103,70
103,86
103,88
103,89
103,91
103,92
103,93
103,94
103,95
103,96
103,107
103,109
103,111
103,112
103,115
103,116
103,120
103,125
103,138
103,141
103,144
103,147
103,148
103,149
103,152
103,153
103,154
103,245
103,246
103,248
103,250
103,254
103,255
103,257
103,267
103,269
103,271
103,272
103,273
103,274
103,275
103,281
103,282
103,283
103,292
103,296
103,298
103,300
103,301
103,304
103,305
103,306
103,314
103,315
103,318
103,321
103,322
103,325
103,326
103,328
103,330
103,333
103,334
103,335
103,336
103,337
103,338
103,339
103,341
103,343
103,344
103,345
103,346
103,353
103,354
103,358
103,360
103,364
103,365
103,370
103,373
103,375
103,376
103,377
103,378
103,380
103,381
103,385
103,386
103,392
103,394
103,395
103,396
103,397
103,398
103,400
103,401
103,402
103,403
103,404
103,405
103,407
103,412
103,414
103,418
103,419
103,420
103,421
103,422
103,423
103,424
103,425
103,426
103,429
103,431
103,435
103,441
103,459
103,460
103,461
103,469
103,473
103,474
103,475
103,476
103,478
103,479
103,481
103,485
103,491
103,499
103,505
103,507
103,508
103,511
103,512
103,520
103,523
103,527
103,535
103,539
103,540
103,541
103,543
103,544
103,572
103,573
103,574
103,577
103,580
103,583
103,586
103,587
103,591
103,592
103,594
103,595
103,601
103,604
103,607
103,608
103,610
103,612
103,615
103,618
103,623
103,624
103,627
103,628
103,634
103,640
103,641
103,642
103,643
103,650
103,652
103,654
103,656
103,657
103,658
103,660
103,661
103,664
103,669
103,670
103,671
103,672
103,673
103,674
103,675
103,684
103,685
103,688
103,689
103,690
103,693
103,694
103,696
103,697
103,698
103,699
103,702
103,704
103,705
103,707
103,708
103,709
103,710
103,716
103,717
103,719
103,720
103,721
103,722
103,723
103,724
103,725
103,726
103,729
103,731
103,733
103,735
103,736
103,738
103,739
103,743
103,744
103,751
103,752
103,753
103,755
103,757
103,758
103,759
103,760
103,762
103,764
103,765
103,771
103,772
103,774
103,775
103,780
103,781
103,782
103,783
103,784
103,785
103,791
103,792
103,793
103,794
103,796
103,797
103,799
103,800
103,801
103,803
103,804
103,806
103,807
103,813
103,814
103,815
103,816
103,817
103,818
103,819
103,822
103,823
103,826
103,827
103,828
103,830
103,831
103,833
103,834
103,843
103,844
103,846
103,847
103,856
103,857
103,859
103,860
103,861
103,862
103,864
103,865
103,867
103,878
103,882
103,894
103,897
103,902
103,905
103,908
103,910
103,911
103,913
103,914
103,916
103,921
103,923
103,933
103,936
103,937
103,939
103,940
103,941
103,942
103,943
103,949
103,952
103,954
103,956
103,957
103,960
103,962
103,965
103,966
103,969
103,970
103,972
103,974
103,975
103,981
103,983
103,991
103,992
103,995
103,1000
103,1003
103,1007
103,1008
103,1010
103,1011
103,1012
103,1014
103,1016
103,1017
103,1019
103,1022
103,1025
103,1026
103,1027
103,1028
103,1029
103,1032
103,1033
103,1034
103,1035
103,1036
103,1038
103,1039
103,1040
103,1042
103,1044
103,1051
103,1052
103,1056
103,1061
103,1063
103,1064
103,1066
103,1067
103,1068
103,1070
103,1071
103,1076
103,1079
103,1080
103,1087
103,1089
103,1090
103,1091
103,1096
103,1102
103,1103
103,1109
103,1112
103,1115
103,1116
103,1117
103,1119
103,1123
103,1130
103,1133
103,1136
103,1137
103,1138
103,1146
103,1147
103,1149
103,1153
103,1157
103,1170
103,1171
103,1174
103,1175
103,1176
103,1177
103,1178
103,1179
103,1180
103,1187
103,1190
103,1195
103,1196
103,1197
103,1198
103,1199
103,1200
103,1201
103,1202
103,1203
103,1204
103,1205
103,1206
103,1207
103,1208
103,1209
103,1210
103,1212
103,1213
103,1214
103,1216
103,1220
103,1221
103,1222
103,1223
103,1224
103,1225
103,1226
103,1235
103,1251
103,1284
103,1285
103,1286
103,1301
103,1310
103,1311
103,1341
103,1343
103,1351
103,1383
103,1384
103,1385
103,1386
103,1387
103,1388
103,1389
103,1390
103,1391
103,1392
103,1393
103,1394
103,1395
103,1396
103,1397
103,1398
103,1399
103,1400
103,1401
103,1402
103,1403
103,1404
103,1405
103,1406
103,1407
103,1408
103,1409
103,1410
103,1411
103,1412
103,1413
103,1426
103,1427
103,1428
103,1430
103,1443
103,1444
103,1446
103,1454
103,1455
103,1456
103,1457
103,1459
103,1475
103,1477
103,1478
103,1480
103,1481
103,1485
103,1486
103,1488
103,1553
103,1555
103,1557
103,1592
103,1594
103,1617
103,1634
103,1641
103,1642
103,1648
103,1649
103,1653
103,1659
103,1660
103,1665
103,1666
103,1668
103,1670
103,1674
103,1675
103,1676
104,3
104,4
104,14
104,22
104,30
104,48
104,50
104,58
104,61
104,62
104,64
104,73
104,87
104,118
104,119
104,120
104,137
104,140
104,145
104,244
104,246
104,247
104,258
104,260
104,281
104,284
104,289
104,290
104,296
104,300
104,314
104,326
104,330
104,350
104,351
104,362
104,369
104,373
104,374
104,379
104,393
104,395
104,408
104,409
104,410
104,411
104,413
104,414
104,415
104,416
104,457
104,458
104,474
104,475
104,489
104,493
104,533
104,542
104,547
104,554
104,556
104,557
104,558
104,559
104,584
104,585
104,590
104,625
104,634
104,647
104,667
104,668
104,727
104,728
104,762
104,768
104,773
104,812
104,822
104,823
104,824
104,879
104,885
104,888
104,889
104,902
104,906
104,907
104,909
104,912
104,915
104,922
104,949
104,951
104,953
104,963
104,984
104,999
104,1047
104,1053
104,1080
104,1094
104,1099
104,1114
104,1121
104,1133
104,1156
104,1172
104,1177
104,1181
104,1190
104,1193
104,1194
104,1212
104,1213
104,1215
104,1218
104,1227
104,1228
104,1229
104,1230
104,1231
104,1232
104,1234
104,1235
104,1240
104,1241
104,1242
104,1243
104,1244
104,1245
104,1246
104,1247
104,1249
104,1250
104,1252
104,1279
104,1287
104,1296
104,1303
104,1306
104,1309
104,1314
104,1389
104,1449
104,1489
104,1490
104,1572
104,1575
104,1624
104,1637
104,1639
104,1640
104,1641
104,1642
104,1643
104,1644
104,1649
104,1650
104,1651
104,1653
104,1655
104,1656
104,1657
104,1658
104,1659
104,1660
104,1661
104,1663
104,1664
104,1665
104,1666
104,1667
104,1668
104,1669
104,1670
104,1672
104,1673
104,1674
104,1675
104,1676
104,1677
105,3
105,4
105,22
105,48
105,50
105,64
105,73
105,87
105,137
105,260
105,284
105,314
105,369
105,373
105,374
105,379
105,457
105,458
105,474
105,475
105,489
105,533
105,556
105,557
105,634
105,668
105,727
105,728
105,762
105,768
105,773
105,812
105,822
105,823
105,824
105,879
105,885
105,888
105,902
105,906
105,907
105,915
105,922
105,963
105,999
105,1053
105,1114
105,1121
105,1252
105,1279
105,1309
105,1653
105,1658
105,1660
105,1668
105,1676
105,1677
106,14
106,22
106,30
106,58
106,61
106,62
106,118
106,119
106,120
106,140
106,145
106,244
106,246
106,247
106,258
106,281
106,289
106,290
106,296
106,300
106,326
106,330
106,350
106,351
106,393
106,395
106,408
106,409
106,410
106,411
106,413
106,414
106,415
106,416
106,493
106,547
106,554
106,558
106,559
106,584
106,585
106,590
106,625
106,647
106,667
106,889
106,909
106,912
106,949
106,951
106,953
106,984
106,1047
106,1080
106,1094
106,1099
106,1133
106,1156
106,1172
106,1181
106,1229
106,1232
106,1303
106,1306
106,1314
106,1389
106,1449
106,1490
106,1572
106,1575
106,1639
106,1640
106,1641
106,1643
106,1644
106,1651
106,1655
106,1656
106,1657
106,1658
106,1661
106,1663
106,1664
106,1665
106,1666
106,1668
106,1670
106,1674
106,1676
106,1677
107,2
107,3
107,4
107,6
107,9
107,10
107,12
107,13
107,14
107,18
107,20
107,21
107,22
107,24
107,25
107,26
107,27
107,28
107,29
107,48
107,51
107,52
107,53
107,57
107,59
107,60
107,61
107,62
107,63
107,64
107,65
107,66
107,67
107,68
107,69
107,71
107,72
107,74
107,75
107,76
107,77
107,78
107,79
107,80
107,81
107,82
107,83
107,84
107,85
107,86
107,87
107,88
107,89
107,90
107,95
107,107
107,109
107,110
107,111
107,112
107,113
107,114
107,115
107,118
107,119
107,120
107,121
107,122
107,123
107,124
107,126
107,137
107,138
107,139
107,141
107,143
107,146
107,147
107,148
107,149
107,150
107,151
107,154
107,220
107,244
107,245
107,246
107,248
107,249
107,250
107,251
107,252
107,253
107,254
107,255
107,256
107,257
107,259
107,261
107,262
107,263
107,264
107,265
107,266
107,267
107,268
107,269
107,271
107,272
107,273
107,274
107,275
107,276
107,277
107,278
107,279
107,280
107,281
107,282
107,283
107,284
107,285
107,286
107,287
107,288
107,289
107,291
107,292
107,293
107,294
107,295
107,296
107,297
107,298
107,299
107,300
107,301
107,302
107,303
107,304
107,305
107,306
107,307
107,308
107,310
107,311
107,312
107,313
107,314
107,315
107,316
107,317
107,318
107,319
107,320
107,321
107,322
107,323
107,324
107,325
107,326
107,327
107,328
107,329
107,330
107,331
107,332
107,333
107,334
107,335
107,336
107,337
107,338
107,339
107,340
107,341
107,342
107,343
107,344
107,345
107,346
107,347
107,348
107,349
107,351
107,352
107,353
107,354
107,355
107,356
107,357
107,358
107,359
107,360
107,361
107,362
107,363
107,364
107,365
107,366
107,367
107,368
107,369
107,370
107,371
107,372
107,375
107,376
107,377
107,378
107,380
107,381
107,382
107,383
107,384
107,385
107,386
107,387
107,388
107,389
107,390
107,391
107,392
107,395
107,396
107,400
107,401
107,403
107,404
107,405
107,406
107,407
107,417
107,418
107,419
107,420
107,421
107,422
107,423
107,424
107,425
107,426
107,427
107,428
107,429
107,430
107,431
107,432
107,433
107,435
107,436
107,437
107,439
107,440
107,441
107,442
107,443
107,444
107,445
107,446
107,447
107,448
107,449
107,450
107,451
107,452
107,453
107,456
107,459
107,461
107,463
107,464
107,466
107,467
107,468
107,469
107,470
107,471
107,472
107,473
107,474
107,475
107,476
107,477
107,478
107,479
107,480
107,481
107,482
107,483
107,484
107,485
107,486
107,487
107,488
107,489
107,490
107,491
107,492
107,494
107,495
107,496
107,497
107,498
107,499
107,500
107,501
107,502
107,503
107,504
107,510
107,511
107,512
107,513
107,514
107,516
107,517
107,518
107,522
107,523
107,524
107,525
107,526
107,527
107,528
107,529
107,530
107,531
107,532
107,533
107,534
107,535
107,536
107,539
107,541
107,543
107,544
107,545
107,546
107,548
107,549
107,550
107,551
107,552
107,553
107,555
107,560
107,561
107,562
107,563
107,564
107,565
107,566
107,567
107,568
107,569
107,570
107,571
107,572
107,573
107,574
107,575
107,576
107,577
107,579
107,580
107,581
107,582
107,583
107,586
107,587
107,589
107,591
107,592
107,594
107,595
107,596
107,597
107,599
107,600
107,601
107,602
107,603
107,606
107,607
107,609
107,610
107,611
107,612
107,614
107,615
107,616
107,617
107,618
107,619
107,620
107,621
107,622
107,623
107,624
107,625
107,626
107,627
107,628
107,631
107,632
107,633
107,634
107,635
107,636
107,637
107,638
107,639
107,640
107,641
107,642
107,643
107,644
107,645
107,646
107,648
107,649
107,650
107,651
107,652
107,653
107,654
107,655
107,656
107,657
107,658
107,659
107,660
107,661
107,662
107,663
107,664
107,666
107,669
107,670
107,671
107,672
107,673
107,674
107,675
107,677
107,678
107,679
107,680
107,681
107,682
107,683
107,684
107,685
107,686
107,687
107,688
107,689
107,690
107,691
107,692
107,693
107,694
107,695
107,696
107,697
107,698
107,699
107,700
107,702
107,703
107,704
107,705
107,706
107,707
107,708
107,709
107,710
107,711
107,712
107,714
107,715
107,716
107,717
107,718
107,719
107,720
107,721
107,722
107,723
107,724
107,725
107,726
107,729
107,730
107,731
107,732
107,733
107,734
107,735
107,736
107,737
107,738
107,739
107,740
107,741
107,742
107,743
107,744
107,745
107,746
107,747
107,748
107,749
107,750
107,751
107,752
107,753
107,754
107,756
107,757
107,758
107,759
107,760
107,762
107,764
107,765
107,766
107,768
107,769
107,771
107,772
107,774
107,775
107,780
107,781
107,782
107,783
107,784
107,785
107,786
107,787
107,788
107,789
107,790
107,791
107,792
107,794
107,796
107,797
107,799
107,800
107,801
107,802
107,803
107,804
107,805
107,806
107,807
107,809
107,810
107,813
107,814
107,815
107,816
107,817
107,818
107,819
107,820
107,822
107,823
107,825
107,826
107,827
107,828
107,830
107,831
107,832
107,834
107,835
107,836
107,837
107,841
107,842
107,843
107,844
107,845
107,846
107,847
107,848
107,849
107,850
107,851
107,852
107,853
107,854
107,855
107,856
107,858
107,859
107,860
107,861
107,862
107,863
107,864
107,865
107,866
107,867
107,868
107,869
107,870
107,872
107,873
107,874
107,875
107,876
107,878
107,880
107,881
107,882
107,883
107,884
107,885
107,886
107,887
107,889
107,890
107,891
107,892
107,893
107,894
107,895
107,896
107,897
107,898
107,899
107,900
107,901
107,902
107,903
107,904
107,905
107,908
107,910
107,913
107,914
107,915
107,916
107,917
107,918
107,919
107,920
107,921
107,923
107,926
107,927
107,928
107,929
107,930
107,931
107,932
107,933
107,934
107,935
107,936
107,937
107,938
107,939
107,940
107,941
107,943
107,944
107,945
107,946
107,947
107,948
107,949
107,950
107,952
107,954
107,955
107,956
107,957
107,958
107,959
107,960
107,961
107,962
107,963
107,964
107,965
107,966
107,967
107,968
107,969
107,970
107,971
107,972
107,973
107,974
107,975
107,976
107,977
107,978
107,979
107,980
107,981
107,982
107,983
107,984
107,985
107,986
107,987
107,988
107,989
107,990
107,991
107,992
107,993
107,994
107,995
107,997
107,998
107,999
107,1000
107,1001
107,1002
107,1003
107,1004
107,1006
107,1007
107,1008
107,1009
107,1010
107,1011
107,1012
107,1013
107,1014
107,1015
107,1016
107,1017
107,1018
107,1019
107,1020
107,1021
107,1022
107,1023
107,1024
107,1025
107,1026
107,1027
107,1028
107,1029
107,1030
107,1031
107,1032
107,1033
107,1034
107,1035
107,1036
107,1037
107,1038
107,1039
107,1040
107,1041
107,1042
107,1043
107,1045
107,1046
107,1047
107,1048
107,1049
107,1050
107,1051
107,1052
107,1055
107,1056
107,1057
107,1058
107,1059
107,1060
107,1061
107,1062
107,1063
107,1064
107,1065
107,1066
107,1067
107,1068
107,1069
107,1070
107,1072
107,1073
107,1074
107,1075
107,1076
107,1077
107,1078
107,1079
107,1080
107,1081
107,1082
107,1083
107,1084
107,1085
107,1087
107,1088
107,1089
107,1090
107,1091
107,1092
107,1093
107,1094
107,1095
107,1096
107,1097
107,1098
107,1099
107,1100
107,1101
107,1102
107,1103
107,1104
107,1106
107,1107
107,1108
107,1109
107,1110
107,1111
107,1112
107,1113
107,1115
107,1117
107,1118
107,1119
107,1120
107,1122
107,1123
107,1126
107,1128
107,1129
107,1131
107,1132
107,1134
107,1135
107,1136
107,1138
107,1139
107,1140
107,1141
107,1142
107,1143
107,1144
107,1145
107,1146
107,1147
107,1148
107,1150
107,1151
107,1152
107,1153
107,1154
107,1155
107,1158
107,1160
107,1161
107,1162
107,1163
107,1164
107,1165
107,1167
107,1168
107,1171
107,1172
107,1173
107,1174
107,1175
107,1176
107,1178
107,1180
107,1181
107,1182
107,1183
107,1184
107,1185
107,1186
107,1187
107,1188
107,1189
107,1191
107,1192
107,1193
107,1194
107,1195
107,1196
107,1197
107,1198
107,1199
107,1200
107,1201
107,1202
107,1203
107,1204
107,1205
107,1206
107,1207
107,1208
107,1209
107,1210
107,1211
107,1212
107,1213
107,1214
107,1215
107,1217
107,1218
107,1219
107,1221
107,1222
107,1225
107,1226
107,1229
107,1230
107,1232
107,1233
107,1234
107,1236
107,1237
107,1238
107,1239
107,1240
107,1241
107,1242
107,1244
107,1245
107,1248
107,1251
107,1252
107,1253
107,1254
107,1279
107,1280
107,1281
107,1282
107,1283
107,1284
107,1285
107,1286
107,1288
107,1289
107,1290
107,1291
107,1292
107,1293
107,1294
107,1295
107,1297
107,1298
107,1299
107,1300
107,1301
107,1302
107,1303
107,1304
107,1305
107,1306
107,1307
107,1308
107,1309
107,1312
107,1313
107,1314
107,1315
107,1316
107,1317
107,1318
107,1319
107,1320
107,1321
107,1322
107,1323
107,1324
107,1325
107,1326
107,1327
107,1328
107,1329
107,1330
107,1331
107,1332
107,1333
107,1334
107,1335
107,1336
107,1337
107,1338
107,1339
107,1340
107,1341
107,1342
107,1343
107,1344
107,1345
107,1346
107,1347
107,1348
107,1349
107,1350
107,1351
107,1352
107,1353
107,1354
107,1355
107,1356
107,1357
107,1358
107,1359
107,1360
107,1361
107,1362
107,1363
107,1364
107,1365
107,1366
107,1367
107,1368
107,1369
107,1370
107,1371
107,1372
107,1373
107,1374
107,1375
107,1376
107,1377
107,1378
107,1379
107,1380
107,1381
107,1382
107,1383
107,1384
107,1385
107,1386
107,1387
107,1388
107,1389
107,1390
107,1391
107,1392
107,1393
107,1394
107,1395
107,1396
107,1397
107,1398
107,1399
107,1400
107,1401
107,1402
107,1403
107,1404
107,1405
107,1406
107,1407
107,1408
107,1409
107,1410
107,1411
107,1412
107,1413
107,1414
107,1415
107,1416
107,1417
107,1418
107,1419
107,1420
107,1421
107,1422
107,1426
107,1427
107,1429
107,1430
107,1431
107,1432
107,1433
107,1434
107,1435
107,1436
107,1437
107,1438
107,1439
107,1440
107,1441
107,1442
107,1443
107,1444
107,1445
107,1446
107,1447
107,1448
107,1449
107,1450
107,1452
107,1453
107,1454
107,1455
107,1456
107,1458
107,1459
107,1460
107,1461
107,1462
107,1463
107,1464
107,1465
107,1466
107,1467
107,1468
107,1469
107,1470
107,1471
107,1472
107,1473
107,1474
107,1476
107,1482
107,1483
107,1484
107,1485
107,1486
107,1487
107,1488
107,1489
107,1490
107,1491
107,1552
107,1561
107,1562
107,1563
107,1564
107,1565
107,1566
107,1568
107,1569
107,1570
107,1571
107,1572
107,1575
107,1576
107,1577
107,1578
107,1580
107,1587
107,1588
107,1589
107,1591
107,1592
107,1593
107,1595
107,1596
107,1597
107,1598
107,1599
107,1600
107,1601
107,1602
107,1603
107,1605
107,1606
107,1607
107,1608
107,1609
107,1610
107,1611
107,1613
107,1615
107,1616
107,1618
107,1619
107,1620
107,1621
107,1622
107,1623
107,1624
107,1625
107,1626
107,1627
107,1628
107,1629
107,1630
107,1631
107,1632
107,1633
107,1638
107,1639
107,1640
107,1641
107,1643
107,1644
107,1645
107,1646
107,1647
107,1648
107,1649
107,1650
107,1651
107,1652
107,1653
107,1654
107,1655
107,1656
107,1657
107,1658
107,1659
107,1660
107,1661
107,1662
107,1663
107,1664
107,1665
107,1666
107,1667
107,1668
107,1669
107,1670
107,1671
107,1672
107,1673
107,1674
107,1675
107,1676
107,1677
108,3
108,4
108,22
108,77
108,79
108,80
108,81
108,83
108,84
108,89
108,118
108,121
108,122
108,126
108,137
108,244
108,331
108,333
108,365
108,384
108,389
108,395
108,405
108,478
108,497
108,583
108,714
108,747
108,809
108,810
108,834
108,835
108,943
108,1084
108,1096
108,1097
108,1100
108,1119
108,1145
108,1254
108,1281
108,1282
108,1291
108,1293
108,1304
108,1305
108,1312
108,1313
108,1318
108,1342
108,1349
108,1419
108,1420
108,1421
108,1444
108,1445
108,1453
108,1462
108,1463
108,1464
108,1465
108,1466
108,1468
108,1470
108,1473
108,1491
108,1569
108,1576
108,1589
108,1599
108,1600
108,1619
108,1639
108,1641
108,1644
108,1646
108,1651
108,1658
108,1661
108,1662
108,1663
108,1664
108,1666
108,1667
108,1671
109,3
109,6
109,22
109,52
109,143
109,251
109,252
109,306
109,310
109,324
109,327
109,331
109,361
109,491
109,496
109,524
109,589
109,599
109,706
109,732
109,741
109,746
109,747
109,766
109,832
109,843
109,900
109,902
109,923
109,978
109,1078
109,1099
109,1181
109,1233
109,1290
109,1292
109,1300
109,1307
109,1320
109,1335
109,1362
109,1364
109,1365
109,1366
109,1414
109,1415
109,1416
109,1417
109,1418
109,1471
109,1633
110,2
110,10
110,26
110,61
110,65
110,67
110,85
110,90
110,107
110,113
110,114
110,115
110,118
110,119
110,120
110,123
110,139
110,150
110,277
110,278
110,279
110,280
110,284
110,289
110,293
110,308
110,311
110,314
110,320
110,341
110,351
110,355
110,391
110,395
110,407
110,433
110,439
110,440
110,441
110,442
110,443
110,444
110,445
110,446
110,447
110,448
110,449
110,450
110,451
110,452
110,453
110,456
110,463
110,477
110,483
110,484
110,485
110,490
110,500
110,501
110,502
110,504
110,513
110,514
110,517
110,518
110,530
110,531
110,532
110,536
110,575
110,576
110,600
110,602
110,606
110,607
110,615
110,638
110,640
110,649
110,659
110,681
110,682
110,684
110,695
110,774
110,775
110,786
110,796
110,797
110,800
110,802
110,837
110,870
110,874
110,897
110,898
110,899
110,920
110,926
110,927
110,928
110,930
110,935
110,936
110,938
110,944
110,945
110,946
110,947
110,948
110,949
110,950
110,956
110,959
110,964
110,967
110,968
110,973
110,974
110,975
110,979
110,980
110,982
110,985
110,987
110,988
110,989
110,992
110,994
110,1000
110,1001
110,1003
110,1007
110,1008
110,1009
110,1015
110,1018
110,1021
110,1023
110,1024
110,1029
110,1040
110,1042
110,1046
110,1047
110,1048
110,1049
110,1050
110,1074
110,1075
110,1098
110,1106
110,1108
110,1115
110,1126
110,1128
110,1129
110,1131
110,1134
110,1135
110,1139
110,1140
110,1141
110,1155
110,1158
110,1160
110,1164
110,1165
110,1167
110,1172
110,1175
110,1176
110,1195
110,1196
110,1197
110,1198
110,1199
110,1200
110,1201
110,1202
110,1203
110,1204
110,1205
110,1206
110,1207
110,1208
110,1209
110,1210
110,1211
110,1212
110,1213
110,1214
110,1215
110,1217
110,1218
110,1219
110,1221
110,1283
110,1284
110,1285
110,1286
110,1306
110,1308
110,1314
110,1315
110,1319
110,1324
110,1325
110,1327
110,1328
110,1330
110,1333
110,1334
110,1336
110,1337
110,1338
110,1339
110,1340
110,1341
110,1351
110,1362
110,1363
110,1364
110,1365
110,1366
110,1383
110,1384
110,1385
110,1386
110,1387
110,1388
110,1389
110,1390
110,1391
110,1392
110,1393
110,1394
110,1395
110,1396
110,1397
110,1398
110,1399
110,1400
110,1401
110,1426
110,1429
110,1443
110,1447
110,1448
110,1454
110,1455
110,1456
110,1459
110,1460
110,1462
110,1463
110,1464
110,1465
110,1466
110,1467
110,1552
110,1572
110,1575
110,1580
110,1588
110,1592
110,1602
110,1603
110,1605
110,1606
110,1607
110,1609
110,1610
110,1611
110,1620
110,1626
110,1627
110,1628
110,1629
110,1630
110,1631
110,1640
110,1652
110,1655
110,1656
110,1674
111,3
111,4
111,9
111,14
111,20
111,22
111,28
111,29
111,52
111,57
111,59
111,64
111,71
111,86
111,124
111,126
111,146
111,249
111,255
111,257
111,262
111,263
111,264
111,268
111,282
111,286
111,287
111,291
111,292
111,298
111,299
111,300
111,303
111,306
111,312
111,313
111,315
111,316
111,317
111,318
111,322
111,328
111,329
111,332
111,333
111,342
111,346
111,348
111,349
111,353
111,357
111,360
111,363
111,378
111,392
111,395
111,400
111,401
111,406
111,418
111,421
111,424
111,427
111,428
111,429
111,430
111,431
111,432
111,435
111,436
111,437
111,464
111,480
111,482
111,486
111,489
111,491
111,492
111,499
111,503
111,516
111,525
111,527
111,529
111,534
111,543
111,549
111,550
111,551
111,552
111,561
111,562
111,564
111,565
111,566
111,568
111,569
111,570
111,571
111,594
111,595
111,596
111,597
111,601
111,609
111,611
111,616
111,618
111,619
111,623
111,626
111,632
111,636
111,637
111,645
111,648
111,663
111,675
111,677
111,684
111,710
111,711
111,712
111,719
111,732
111,734
111,737
111,740
111,742
111,749
111,760
111,762
111,787
111,788
111,792
111,825
111,836
111,841
111,842
111,843
111,847
111,851
111,852
111,853
111,855
111,867
111,876
111,880
111,881
111,892
111,896
111,901
111,902
111,903
111,904
111,905
111,908
111,931
111,932
111,952
111,954
111,955
111,956
111,958
111,966
111,976
111,999
111,1002
111,1003
111,1004
111,1006
111,1011
111,1013
111,1014
111,1020
111,1031
111,1034
111,1041
111,1043
111,1059
111,1065
111,1069
111,1073
111,1082
111,1083
111,1085
111,1088
111,1095
111,1101
111,1110
111,1111
111,1113
111,1120
111,1146
111,1147
111,1148
111,1151
111,1152
111,1154
111,1168
111,1197
111,1198
111,1199
111,1218
111,1219
111,1234
111,1238
111,1240
111,1284
111,1285
111,1286
111,1343
111,1402
111,1403
111,1404
111,1405
111,1406
111,1407
111,1408
111,1409
111,1410
111,1411
111,1412
111,1413
111,1443
111,1444
111,1446
111,1462
111,1463
111,1464
111,1465
111,1466
111,1474
111,1487
111,1488
111,1490
111,1575
111,1578
111,1608
111,1618
111,1619
111,1638
111,1648
111,1649
111,1650
111,1660
111,1664
111,1666
111,1668
111,1672
111,1675
111,1676
111,1677
112,3
112,4
112,12
112,13
112,14
112,18
112,21
112,22
112,24
112,25
112,26
112,27
112,29
112,48
112,51
112,52
112,53
112,60
112,62
112,63
112,66
112,68
112,69
112,71
112,72
112,74
112,75
112,76
112,82
112,87
112,88
112,89
112,95
112,109
112,110
112,111
112,112
112,115
112,138
112,141
112,147
112,148
112,149
112,151
112,154
112,220
112,244
112,245
112,246
112,248
112,249
112,250
112,253
112,254
112,255
112,256
112,257
112,259
112,261
112,262
112,263
112,264
112,265
112,266
112,267
112,269
112,271
112,272
112,273
112,274
112,275
112,276
112,281
112,282
112,283
112,285
112,288
112,291
112,292
112,293
112,294
112,295
112,296
112,297
112,298
112,299
112,300
112,301
112,302
112,304
112,305
112,306
112,307
112,310
112,312
112,313
112,314
112,315
112,318
112,319
112,321
112,322
112,323
112,325
112,326
112,328
112,329
112,330
112,333
112,334
112,335
112,336
112,337
112,338
112,339
112,340
112,341
112,343
112,344
112,345
112,346
112,347
112,349
112,352
112,353
112,354
112,355
112,356
112,357
112,358
112,359
112,360
112,361
112,362
112,364
112,365
112,366
112,367
112,368
112,369
112,370
112,371
112,372
112,375
112,376
112,377
112,378
112,380
112,381
112,382
112,383
112,385
112,386
112,387
112,388
112,390
112,392
112,395
112,396
112,403
112,404
112,405
112,417
112,418
112,419
112,420
112,421
112,422
112,423
112,424
112,425
112,426
112,429
112,441
112,459
112,461
112,466
112,467
112,468
112,469
112,470
112,471
112,472
112,473
112,474
112,475
112,476
112,479
112,481
112,482
112,487
112,488
112,489
112,491
112,494
112,495
112,498
112,510
112,511
112,512
112,522
112,523
112,525
112,526
112,527
112,528
112,533
112,535
112,539
112,541
112,544
112,545
112,546
112,548
112,553
112,555
112,560
112,563
112,567
112,571
112,572
112,573
112,574
112,577
112,579
112,580
112,581
112,582
112,583
112,586
112,587
112,591
112,592
112,601
112,603
112,607
112,609
112,610
112,612
112,614
112,615
112,617
112,620
112,621
112,622
112,623
112,624
112,625
112,626
112,627
112,628
112,631
112,633
112,634
112,635
112,637
112,639
112,641
112,642
112,643
112,644
112,646
112,650
112,651
112,652
112,653
112,654
112,655
112,656
112,657
112,658
112,660
112,661
112,662
112,664
112,666
112,669
112,670
112,671
112,672
112,673
112,674
112,678
112,679
112,680
112,681
112,682
112,683
112,684
112,685
112,686
112,687
112,688
112,689
112,690
112,691
112,692
112,693
112,694
112,696
112,697
112,698
112,699
112,700
112,702
112,703
112,704
112,705
112,706
112,707
112,708
112,709
112,710
112,711
112,712
112,715
112,716
112,717
112,718
112,719
112,720
112,721
112,722
112,723
112,724
112,725
112,726
112,729
112,730
112,731
112,733
112,734
112,735
112,736
112,738
112,739
112,740
112,743
112,744
112,745
112,748
112,749
112,750
112,751
112,752
112,753
112,754
112,756
112,757
112,758
112,759
112,760
112,762
112,764
112,765
112,768
112,769
112,771
112,772
112,774
112,775
112,780
112,781
112,782
112,783
112,784
112,785
112,789
112,790
112,791
112,792
112,794
112,796
112,797
112,799
112,800
112,801
112,803
112,804
112,805
112,806
112,807
112,813
112,814
112,815
112,816
112,817
112,818
112,819
112,820
112,822
112,823
112,826
112,827
112,828
112,830
112,831
112,834
112,844
112,845
112,846
112,847
112,848
112,849
112,850
112,854
112,856
112,858
112,859
112,860
112,861
112,862
112,863
112,864
112,865
112,866
112,867
112,868
112,869
112,870
112,872
112,873
112,875
112,878
112,880
112,882
112,883
112,884
112,886
112,887
112,889
112,890
112,891
112,893
112,894
112,895
112,897
112,900
112,902
112,905
112,910
112,913
112,914
112,915
112,916
112,917
112,918
112,919
112,921
112,923
112,929
112,933
112,934
112,937
112,939
112,940
112,941
112,943
112,952
112,954
112,956
112,957
112,960
112,961
112,962
112,963
112,965
112,966
112,969
112,970
112,971
112,972
112,974
112,975
112,977
112,978
112,981
112,983
112,984
112,985
112,986
112,990
112,991
112,992
112,993
112,995
112,997
112,998
112,1000
112,1002
112,1003
112,1006
112,1007
112,1008
112,1010
112,1011
112,1012
112,1013
112,1014
112,1016
112,1017
112,1019
112,1022
112,1025
112,1026
112,1027
112,1028
112,1029
112,1030
112,1032
112,1033
112,1034
112,1035
112,1036
112,1037
112,1038
112,1039
112,1040
112,1042
112,1045
112,1051
112,1052
112,1055
112,1056
112,1057
112,1058
112,1060
112,1061
112,1062
112,1063
112,1064
112,1066
112,1067
112,1068
112,1070
112,1072
112,1076
112,1077
112,1078
112,1079
112,1080
112,1081
112,1083
112,1084
112,1087
112,1088
112,1089
112,1090
112,1091
112,1092
112,1093
112,1094
112,1095
112,1096
112,1099
112,1102
112,1103
112,1104
112,1107
112,1109
112,1112
112,1115
112,1117
112,1118
112,1119
112,1122
112,1123
112,1132
112,1136
112,1138
112,1142
112,1143
112,1144
112,1145
112,1146
112,1147
112,1150
112,1151
112,1152
112,1153
112,1154
112,1161
112,1162
112,1163
112,1171
112,1173
112,1174
112,1178
112,1180
112,1181
112,1182
112,1183
112,1184
112,1185
112,1186
112,1187
112,1188
112,1189
112,1191
112,1192
112,1193
112,1194
112,1222
112,1225
112,1226
112,1229
112,1230
112,1232
112,1236
112,1237
112,1238
112,1239
112,1240
112,1241
112,1244
112,1245
112,1252
112,1280
112,1281
112,1283
112,1284
112,1288
112,1289
112,1290
112,1291
112,1293
112,1294
112,1295
112,1297
112,1298
112,1299
112,1300
112,1302
112,1304
112,1305
112,1307
112,1309
112,1315
112,1316
112,1317
112,1318
112,1321
112,1322
112,1323
112,1326
112,1327
112,1329
112,1331
112,1332
112,1337
112,1342
112,1343
112,1344
112,1345
112,1346
112,1347
112,1348
112,1350
112,1352
112,1353
112,1354
112,1355
112,1356
112,1357
112,1358
112,1359
112,1360
112,1361
112,1367
112,1368
112,1369
112,1370
112,1371
112,1372
112,1373
112,1374
112,1375
112,1376
112,1377
112,1378
112,1379
112,1380
112,1381
112,1382
112,1395
112,1410
112,1414
112,1415
112,1416
112,1417
112,1418
112,1419
112,1420
112,1421
112,1422
112,1427
112,1430
112,1431
112,1432
112,1433
112,1434
112,1435
112,1436
112,1437
112,1438
112,1439
112,1440
112,1441
112,1442
112,1445
112,1449
112,1450
112,1452
112,1453
112,1458
112,1461
112,1469
112,1472
112,1482
112,1484
112,1485
112,1486
112,1487
112,1489
112,1490
112,1491
112,1561
112,1562
112,1563
112,1564
112,1565
112,1566
112,1568
112,1570
112,1571
112,1576
112,1577
112,1578
112,1580
112,1587
112,1588
112,1591
112,1593
112,1595
112,1596
112,1597
112,1598
112,1599
112,1600
112,1601
112,1613
112,1615
112,1616
112,1618
112,1621
112,1622
112,1623
112,1624
112,1625
112,1626
112,1627
112,1629
112,1631
112,1632
112,1633
112,1643
112,1644
112,1645
112,1646
112,1647
112,1651
112,1653
112,1654
112,1655
112,1656
112,1657
112,1658
112,1659
112,1660
112,1661
112,1662
112,1664
112,1665
112,1667
112,1669
112,1670
112,1671
112,1673
112,1677
113,3
113,4
113,22
113,26
113,27
113,29
113,48
113,52
113,60
113,62
113,63
113,66
113,69
113,71
113,72
113,74
113,75
113,87
113,138
113,151
113,220
113,244
113,246
113,249
113,253
113,255
113,256
113,257
113,259
113,261
113,262
113,263
113,264
113,265
113,266
113,269
113,272
113,276
113,281
113,285
113,288
113,291
113,293
113,294
113,295
113,297
113,298
113,299
113,302
113,307
113,310
113,312
113,313
113,314
113,319
113,322
113,323
113,325
113,328
113,329
113,333
113,334
113,335
113,337
113,339
113,340
113,341
113,344
113,345
113,346
113,347
113,349
113,352
113,353
113,355
113,356
113,357
113,359
113,360
113,361
113,362
113,364
113,366
113,367
113,369
113,370
113,371
113,372
113,376
113,378
113,382
113,383
113,387
113,388
113,390
113,395
113,396
113,417
113,418
113,466
113,467
113,468
113,469
113,470
113,471
113,472
113,473
113,475
113,479
113,481
113,482
113,487
113,488
113,489
113,491
113,494
113,495
113,498
113,510
113,522
113,525
113,526
113,528
113,539
113,541
113,545
113,546
113,548
113,553
113,555
113,560
113,563
113,567
113,571
113,579
113,580
113,581
113,582
113,603
113,609
113,614
113,617
113,620
113,621
113,622
113,625
113,626
113,631
113,633
113,635
113,637
113,639
113,644
113,646
113,651
113,653
113,655
113,657
113,662
113,666
113,674
113,678
113,679
113,680
113,681
113,682
113,683
113,686
113,687
113,691
113,692
113,693
113,700
113,702
113,703
113,706
113,707
113,711
113,712
113,715
113,718
113,720
113,730
113,733
113,734
113,740
113,744
113,745
113,748
113,749
113,750
113,754
113,756
113,759
113,762
113,768
113,769
113,781
113,782
113,783
113,789
113,790
113,803
113,805
113,820
113,830
113,845
113,847
113,848
113,849
113,854
113,858
113,863
113,866
113,868
113,869
113,870
113,878
113,880
113,883
113,884
113,886
113,887
113,889
113,890
113,891
113,893
113,895
113,900
113,902
113,915
113,917
113,918
113,919
113,933
113,934
113,937
113,943
113,962
113,963
113,971
113,977
113,978
113,986
113,990
113,993
113,997
113,998
113,1002
113,1003
113,1006
113,1011
113,1013
113,1014
113,1022
113,1030
113,1035
113,1037
113,1045
113,1055
113,1057
113,1058
113,1060
113,1062
113,1066
113,1067
113,1072
113,1077
113,1078
113,1081
113,1083
113,1088
113,1091
113,1094
113,1095
113,1104
113,1107
113,1115
113,1118
113,1122
113,1132
113,1161
113,1174
113,1181
113,1182
113,1183
113,1184
113,1188
113,1189
113,1191
113,1192
113,1193
113,1194
113,1232
113,1238
113,1239
113,1240
113,1245
113,1280
113,1281
113,1283
113,1284
113,1289
113,1290
113,1298
113,1300
113,1307
113,1326
113,1352
113,1353
113,1354
113,1355
113,1356
113,1357
113,1358
113,1359
113,1360
113,1361
113,1368
113,1369
113,1370
113,1371
113,1372
113,1373
113,1374
113,1375
113,1376
113,1377
113,1378
113,1410
113,1414
113,1415
113,1416
113,1417
113,1418
113,1438
113,1439
113,1440
113,1441
113,1442
113,1458
113,1461
113,1469
113,1482
113,1484
113,1485
113,1486
113,1489
113,1561
113,1563
113,1564
113,1565
113,1566
113,1568
113,1570
113,1571
113,1577
113,1593
113,1597
113,1624
113,1633
113,1654
113,1655
113,1659
113,1661
113,1669
113,1673
113,1677
114,3
114,4
114,22
114,26
114,27
114,48
114,62
114,74
114,75
114,138
114,255
114,257
114,261
114,272
114,276
114,281
114,288
114,333
114,335
114,344
114,345
114,362
114,366
114,382
114,395
114,417
114,418
114,466
114,467
114,468
114,469
114,470
114,471
114,472
114,473
114,479
114,491
114,498
114,539
114,541
114,545
114,555
114,571
114,579
114,580
114,582
114,625
114,653
114,657
114,666
114,678
114,681
114,682
114,683
114,686
114,700
114,703
114,707
114,715
114,734
114,740
114,749
114,750
114,783
114,803
114,847
114,849
114,887
114,902
114,915
114,917
114,919
114,933
114,937
114,963
114,971
114,977
114,986
114,997
114,998
114,1003
114,1006
114,1022
114,1035
114,1037
114,1045
114,1055
114,1057
114,1058
114,1060
114,1066
114,1077
114,1078
114,1091
114,1094
114,1107
114,1115
114,1118
114,1132
114,1188
114,1189
114,1191
114,1240
114,1245
114,1284
114,1298
114,1307
114,1352
114,1353
114,1354
114,1355
114,1356
114,1357
114,1358
114,1359
114,1360
114,1361
114,1368
114,1369
114,1370
114,1371
114,1372
114,1373
114,1374
114,1375
114,1376
114,1377
114,1378
114,1410
114,1438
114,1439
114,1440
114,1441
114,1442
114,1458
114,1461
114,1485
114,1486
114,1563
114,1566
114,1677
115,3
115,4
115,22
115,26
115,29
115,52
115,60
115,66
115,69
115,71
115,72
115,87
115,138
115,151
115,220
115,246
115,249
115,253
115,256
115,257
115,259
115,262
115,263
115,264
115,265
115,266
115,269
115,281
115,285
115,291
115,294
115,295
115,298
115,299
115,302
115,307
115,310
115,312
115,313
115,314
115,322
115,323
115,325
115,328
115,329
115,333
115,334
115,337
115,339
115,340
115,341
115,346
115,347
115,349
115,353
115,355
115,356
115,357
115,359
115,360
115,361
115,364
115,369
115,370
115,371
115,372
115,376
115,378
115,383
115,387
115,388
115,390
115,395
115,396
115,418
115,475
115,481
115,482
115,487
115,489
115,494
115,495
115,510
115,522
115,525
115,526
115,528
115,546
115,548
115,553
115,560
115,563
115,567
115,581
115,603
115,609
115,614
115,617
115,620
115,621
115,622
115,626
115,631
115,633
115,635
115,637
115,639
115,644
115,646
115,651
115,655
115,662
115,674
115,679
115,680
115,686
115,687
115,691
115,693
115,702
115,706
115,711
115,712
115,715
115,718
115,720
115,730
115,733
115,734
115,740
115,744
115,745
115,748
115,749
115,754
115,756
115,759
115,762
115,768
115,769
115,781
115,782
115,789
115,805
115,820
115,830
115,848
115,849
115,854
115,858
115,863
115,868
115,869
115,870
115,878
115,880
115,883
115,886
115,889
115,890
115,893
115,895
115,900
115,902
115,915
115,918
115,933
115,934
115,943
115,962
115,978
115,990
115,993
115,1002
115,1011
115,1013
115,1014
115,1022
115,1030
115,1062
115,1067
115,1072
115,1078
115,1081
115,1083
115,1088
115,1095
115,1104
115,1122
115,1174
115,1182
115,1183
115,1184
115,1191
115,1192
115,1193
115,1194
115,1238
115,1280
115,1281
115,1289
115,1326
115,1489
115,1561
115,1564
115,1568
115,1570
115,1571
115,1624
115,1655
115,1659
115,1677
116,3
116,22
116,293
116,297
116,337
116,352
116,367
116,370
116,387
116,395
116,488
116,686
116,692
116,718
116,866
116,884
116,891
116,902
116,915
116,1161
116,1191
116,1192
116,1239
116,1290
116,1300
116,1414
116,1415
116,1416
116,1417
116,1418
116,1469
116,1565
116,1654
117,3
117,24
117,52
117,68
117,76
117,82
117,110
117,341
117,385
117,386
117,404
117,872
117,873
117,875
117,941
117,961
117,969
117,1084
117,1090
117,1092
117,1093
117,1109
117,1291
117,1293
117,1294
117,1295
117,1318
117,1321
117,1342
117,1344
117,1346
117,1445
117,1453
117,1469
117,1591
117,1601
117,1645
117,1660
117,1662
117,1671
118,115
118,257
118,441
118,474
118,475
118,476
118,512
118,523
118,656
118,657
118,660
118,664
118,685
118,689
118,697
118,705
118,710
118,717
118,724
118,731
118,736
118,743
118,744
118,757
118,765
118,785
118,791
118,803
118,828
118,831
118,844
118,850
118,864
118,897
118,939
118,995
118,1038
118,1076
118,1079
118,1150
118,1178
118,1180
118,1183
118,1184
118,1225
118,1226
118,1230
118,1236
118,1237
118,1241
118,1280
118,1352
118,1358
118,1359
118,1360
118,1361
118,1368
118,1369
118,1370
118,1371
118,1372
118,1373
118,1374
118,1375
118,1376
118,1377
118,1378
118,1431
118,1432
118,1433
118,1434
118,1435
118,1439
118,1440
118,1441
118,1442
118,1461
118,1490
118,1562
118,1673
119,3
119,14
119,21
119,26
119,51
119,52
119,95
119,109
119,112
119,148
119,149
119,248
119,271
119,281
119,304
119,306
119,314
119,318
119,333
119,336
119,343
119,344
119,346
119,375
119,385
119,395
119,404
119,418
119,421
119,425
119,426
119,459
119,476
119,511
119,535
119,573
119,580
119,591
119,601
119,610
119,627
119,628
119,650
119,652
119,654
119,658
119,661
119,688
119,690
119,698
119,708
119,721
119,725
119,729
119,731
119,733
119,762
119,764
119,784
119,806
119,813
119,814
119,816
119,818
119,819
119,822
119,826
119,827
119,828
119,864
119,865
119,894
119,902
119,913
119,914
119,916
119,939
119,941
119,943
119,954
119,960
119,966
119,969
119,972
119,983
119,1010
119,1011
119,1012
119,1017
119,1026
119,1036
119,1039
119,1051
119,1064
119,1068
119,1087
119,1112
119,1117
119,1138
119,1151
119,1152
119,1153
119,1154
119,1163
119,1171
119,1237
119,1245
119,1288
119,1289
119,1297
119,1304
119,1309
119,1317
119,1322
119,1331
119,1332
119,1427
119,1430
119,1436
119,1437
119,1472
119,1482
119,1487
119,1625
119,1632
120,3
120,12
120,22
120,141
120,246
120,282
120,292
120,298
120,305
120,306
120,322
120,333
120,386
120,395
120,405
120,418
120,420
120,421
120,527
120,583
120,726
120,752
120,758
120,760
120,792
120,902
120,923
120,957
120,1089
120,1099
120,1109
120,1119
120,1123
120,1142
120,1143
120,1145
120,1146
120,1147
120,1222
120,1232
120,1299
120,1315
120,1316
120,1321
120,1345
120,1346
120,1347
120,1348
120,1350
120,1419
120,1420
120,1421
120,1422
120,1576
120,1599
120,1600
120,1615
120,1621
120,1623
120,1625
120,1626
120,1643
120,1644
120,1646
120,1647
120,1653
120,1658
120,1664
120,1671
121,3
121,18
121,22
121,24
121,25
121,60
121,138
121,244
121,245
121,246
121,248
121,250
121,254
121,257
121,267
121,272
121,273
121,281
121,283
121,300
121,314
121,318
121,325
121,330
121,333
121,335
121,337
121,339
121,344
121,345
121,360
121,365
121,370
121,375
121,377
121,378
121,396
121,422
121,423
121,424
121,441
121,461
121,469
121,474
121,479
121,481
121,539
121,541
121,577
121,592
121,612
121,634
121,642
121,643
121,650
121,654
121,661
121,684
121,696
121,710
121,716
121,719
121,720
121,721
121,722
121,735
121,736
121,753
121,757
121,762
121,772
121,780
121,783
121,794
121,817
121,846
121,847
121,860
121,865
121,882
121,902
121,933
121,937
121,984
121,1003
121,1022
121,1025
121,1034
121,1036
121,1056
121,1061
121,1064
121,1066
121,1068
121,1091
121,1096
121,1138
121,1144
121,1173
121,1294
121,1302
121,1322
121,1323
121,1329
121,1337
121,1350
121,1353
121,1354
121,1355
121,1356
121,1357
121,1367
121,1379
121,1380
121,1381
121,1382
121,1395
121,1452
121,1565
121,1578
121,1580
121,1587
121,1595
121,1613
121,1622
121,1625
121,1631
121,1658
122,3
122,22
122,24
122,68
122,138
122,147
122,245
122,250
122,254
122,269
122,271
122,282
122,296
122,298
122,306
122,314
122,315
122,326
122,328
122,330
122,333
122,338
122,341
122,353
122,354
122,364
122,368
122,376
122,377
122,380
122,381
122,392
122,395
122,396
122,403
122,418
122,419
122,421
122,426
122,461
122,544
122,623
122,643
122,670
122,674
122,693
122,694
122,696
122,702
122,710
122,716
122,721
122,722
122,723
122,725
122,735
122,760
122,794
122,804
122,815
122,822
122,823
122,830
122,834
122,846
122,867
122,878
122,902
122,905
122,910
122,923
122,939
122,956
122,981
122,1000
122,1003
122,1016
122,1019
122,1022
122,1028
122,1032
122,1051
122,1052
122,1096
122,1117
122,1136
122,1144
122,1229
122,1244
122,1294
122,1295
122,1299
122,1302
122,1304
122,1317
122,1347
122,1348
122,1350
122,1367
122,1382
122,1445
122,1482
122,1484
122,1491
122,1595
122,1598
122,1613
122,1616
122,1626
122,1627
122,1629
122,1658
122,1664
122,1671
123,3
123,13
123,22
123,53
123,89
123,154
123,246
123,255
123,274
123,275
123,300
123,301
123,314
123,321
123,333
123,336
123,345
123,358
123,368
123,572
123,573
123,574
123,624
123,641
123,669
123,670
123,671
123,672
123,673
123,704
123,707
123,738
123,739
123,771
123,772
123,780
123,781
123,856
123,859
123,861
123,862
123,882
123,902
123,921
123,923
123,929
123,933
123,952
123,960
123,965
123,970
123,974
123,975
123,985
123,991
123,992
123,1007
123,1008
123,1027
123,1029
123,1033
123,1040
123,1042
123,1063
123,1070
123,1102
123,1103
123,1185
123,1186
123,1187
123,1450
123,1658
124,3
124,22
124,25
124,52
124,88
124,111
124,246
124,248
124,267
124,282
124,298
124,314
124,318
124,328
124,334
124,338
124,344
124,365
124,395
124,429
124,473
124,491
124,586
124,587
124,592
124,685
124,696
124,699
124,709
124,751
124,764
124,803
124,807
124,815
124,902
124,933
124,940
124,1014
124,1016
124,1067
124,1080
124,1136
124,1138
124,1162
124,1173
124,1245
124,1252
124,1288
124,1289
124,1300
124,1304
124,1355
124,1357
124,1472
124,1618
124,1658
